<?xml version="1.0" encoding="UTF-8"?><?xml-stylesheet type='text/xsl' href='_UpgradeReport_Files/UpgradeReport.xslt'?><UpgradeLog>
<Properties><Property Name="Solution" Value="benchmark_vc8">
</Property><Property Name="Solution File" Value="D:\Lattice reduction\QR_benchmark_full\benchmark_vc8.sln">
</Property><Property Name="User Options File" Value="D:\Lattice reduction\QR_benchmark_full\benchmark_vc8.suo">
</Property><Property Name="Date" Value="3 августа 2012 г.">
</Property><Property Name="Time" Value="20:57">
</Property><Property Name="Log Number" Value="5">
</Property></Properties><Event ErrorLevel="0" Project="" Source="benchmark_vc8.sln" Description="File successfully backed up as D:\Lattice reduction\QR_benchmark_full\benchmark_vc8.sln.old">
</Event><Event ErrorLevel="2" Project="" Source="benchmark_vc8.suo" Description="Error creating backup file: D:\Lattice reduction\QR_benchmark_full\benchmark_vc8.suo.old">
</Event><Event ErrorLevel="0" Project="benchmark_vc8" Source="benchmark_vc8.vcproj" Description="Project upgraded successfully.">
</Event><Event ErrorLevel="3" Project="benchmark_vc8" Source="benchmark_vc8.vcproj" Description="Converted">
</Event><Event ErrorLevel="0" Project="" Source="benchmark_vc8.sln" Description="Solution converted successfully">
</Event><Event ErrorLevel="3" Project="" Source="benchmark_vc8.sln" Description="Converted">
</Event></UpgradeLog>